{"transunet_70epo_bce_vit8": {"main_targets": {"MSELoss": {"min": 0.007544375024735928, "max": 0.031116114929318428, "mean": 0.01384365651756525}, "IoU": {"min": 0.0, "max": 0.465770423412323, "mean": 0.1234748512506485}, "MS_SSIM": {"min": 0.9997751712799072, "max": 0.9999484419822693, "mean": 0.9998987913131714}}, "jenya_targets": {"MSELoss": {"min": 0.0091889388859272, "max": 0.05829009413719177, "mean": 0.019265467301011086}, "IoU": {"min": 0.08462083339691162, "max": 0.29634618759155273, "mean": 0.16973187029361725}, "MS_SSIM": {"min": 0.9995035529136658, "max": 0.9999393224716187, "mean": 0.9998610615730286}}, "strange_gun": {"MSELoss": {"min": 0.013757615350186825, "max": 0.04054975137114525, "mean": 0.022158704698085785}, "IoU": {"min": 0.12009626626968384, "max": 0.2787814140319824, "mean": 0.20156489312648773}, "MS_SSIM": {"min": 0.9996652007102966, "max": 0.9998946189880371, "mean": 0.9998316168785095}}}, "seg-1": {"main_targets": {"MSELoss": {"min": 0.00011182275920873508, "max": 0.029453501105308533, "mean": 0.007428960874676704}, "IoU": {"min": 0.0, "max": 0.35059988498687744, "mean": 0.10856708884239197}, "MS_SSIM": {"min": 0.9996826648712158, "max": 0.999998927116394, "mean": 0.9999260902404785}}, "jenya_targets": {"MSELoss": {"min": 0.003537985263392329, "max": 0.061310961842536926, "mean": 0.015462960116565228}, "IoU": {"min": 0.028618812561035156, "max": 0.3153260350227356, "mean": 0.13467542827129364}, "MS_SSIM": {"min": 0.9991859793663025, "max": 0.9999702572822571, "mean": 0.9998469948768616}}}}