{"transunet_10epo_bce_vit8": {"main_targets": {"IoU": {"mean": 0.006440747529268265}}, "jenya_targets": {"IoU": {"mean": 0.012895071879029274}}, "strange_gun": {"IoU": {"mean": 0.01683972217142582}}}, "transunet_20epo_bce_vit8": {"main_targets": {"IoU": {"mean": 0.013439124450087547}}, "jenya_targets": {"IoU": {"mean": 0.03634133189916611}}, "strange_gun": {"IoU": {"mean": 0.08071842044591904}}}, "transunet_30epo_bce_vit8": {"main_targets": {"IoU": {"mean": 0.019003020599484444}}, "jenya_targets": {"IoU": {"mean": 0.04302222654223442}}, "strange_gun": {"IoU": {"mean": 0.08396802097558975}}}, "transunet_40epo_bce_vit8": {"main_targets": {"IoU": {"mean": 0.03517632558941841}}, "jenya_targets": {"IoU": {"mean": 0.06815125793218613}}, "strange_gun": {"IoU": {"mean": 0.12708379328250885}}}, "transunet_50epo_bce_vit8": {"main_targets": {"IoU": {"mean": 0.05691414698958397}}, "jenya_targets": {"IoU": {"mean": 0.09952273964881897}}, "strange_gun": {"IoU": {"mean": 0.1624889224767685}}}, "transunet_60epo_bce_vit8": {"main_targets": {"IoU": {"mean": 0.04279566556215286}}, "jenya_targets": {"IoU": {"mean": 0.07894852012395859}}, "strange_gun": {"IoU": {"mean": 0.13869838416576385}}}, "transunet_70epo_bce_vit8": {"main_targets": {"IoU": {"mean": 0.06576213240623474}}, "jenya_targets": {"IoU": {"mean": 0.10236253589391708}}, "strange_gun": {"IoU": {"mean": 0.16791288554668427}}}, "transunet_80epo_bce_vit8": {"main_targets": {"IoU": {"mean": 0.07816719263792038}}, "jenya_targets": {"IoU": {"mean": 0.11866505444049835}}, "strange_gun": {"IoU": {"mean": 0.18971915543079376}}}, "transunet_90epo_bce_vit8": {"main_targets": {"IoU": {"mean": 0.0731988400220871}}, "jenya_targets": {"IoU": {"mean": 0.10863117128610611}}, "strange_gun": {"IoU": {"mean": 0.16585813462734222}}}, "transunet_100epo_bce_vit8": {"main_targets": {"IoU": {"mean": 0.09766817837953568}}, "jenya_targets": {"IoU": {"mean": 0.12482613325119019}}, "strange_gun": {"IoU": {"mean": 0.1815715879201889}}}, "transunet_110epo_bce_vit8": {"main_targets": {"IoU": {"mean": 0.03498106822371483}}, "jenya_targets": {"IoU": {"mean": 0.05870739370584488}}, "strange_gun": {"IoU": {"mean": 0.10878559201955795}}}, "transunet_120epo_bce_vit8": {"main_targets": {"IoU": {"mean": 0.08443296700716019}}, "jenya_targets": {"IoU": {"mean": 0.128279447555542}}, "strange_gun": {"IoU": {"mean": 0.18268771469593048}}}, "transunet_130epo_bce_vit8": {"main_targets": {"IoU": {"mean": 0.11490550637245178}}, "jenya_targets": {"IoU": {"mean": 0.13827702403068542}}, "strange_gun": {"IoU": {"mean": 0.21459980309009552}}}, "transunet_140epo_bce_vit8": {"main_targets": {"IoU": {"mean": 0.11260367929935455}}, "jenya_targets": {"IoU": {"mean": 0.14072678983211517}}, "strange_gun": {"IoU": {"mean": 0.2144988775253296}}}, "transunet_150epo_bce_vit8": {"main_targets": {"IoU": {"mean": 0.10441708564758301}}, "jenya_targets": {"IoU": {"mean": 0.1324201375246048}}, "strange_gun": {"IoU": {"mean": 0.20406551659107208}}}, "transunet_160epo_bce_vit8": {"main_targets": {"IoU": {"mean": 0.13195130228996277}}, "jenya_targets": {"IoU": {"mean": 0.14888007938861847}}, "strange_gun": {"IoU": {"mean": 0.21901345252990723}}}, "transunet_170epo_bce_vit8": {"main_targets": {"IoU": {"mean": 0.05932188406586647}}, "jenya_targets": {"IoU": {"mean": 0.09477317333221436}}, "strange_gun": {"IoU": {"mean": 0.1620175838470459}}}, "transunet_180epo_bce_vit8": {"main_targets": {"IoU": {"mean": 0.03523623198270798}}, "jenya_targets": {"IoU": {"mean": 0.05931151285767555}}, "strange_gun": {"IoU": {"mean": 0.11476687341928482}}}, "transunet_190epo_bce_vit8": {"main_targets": {"IoU": {"mean": 0.11610731482505798}}, "jenya_targets": {"IoU": {"mean": 0.14643515646457672}}, "strange_gun": {"IoU": {"mean": 0.21547120809555054}}}, "transunet_200epo_bce_vit8": {"main_targets": {"IoU": {"mean": 0.07408981025218964}}, "jenya_targets": {"IoU": {"mean": 0.10599704086780548}}, "strange_gun": {"IoU": {"mean": 0.18391573429107666}}}, "seg-1": {"main_targets": {"IoU": {"min": 0.0, "max": 0.35059988498687744, "mean": 0.10856708884239197}}, "jenya_targets": {"IoU": {"min": 0.028618812561035156, "max": 0.3153260350227356, "mean": 0.13467542827129364}}}, "transunet_10epo_bce_vit8_threshold": {"main_targets": {"IoU": {"mean": 8.0980107668438e-06}}, "jenya_targets": {"IoU": {"mean": 0.0004237089888192713}}, "strange_gun": {"IoU": {"mean": 0.0017422338714823127}}}, "transunet_20epo_bce_vit8_threshold": {"main_targets": {"IoU": {"mean": 0.03685900568962097}}, "jenya_targets": {"IoU": {"mean": 0.11067450046539307}}, "strange_gun": {"IoU": {"mean": 0.1662243753671646}}}, "transunet_30epo_bce_vit8_threshold": {"main_targets": {"IoU": {"mean": 0.08648253977298737}}, "jenya_targets": {"IoU": {"mean": 0.1547994166612625}}, "strange_gun": {"IoU": {"mean": 0.19097274541854858}}}, "transunet_40epo_bce_vit8_threshold": {"main_targets": {"IoU": {"mean": 0.09974145889282227}}, "jenya_targets": {"IoU": {"mean": 0.14290885627269745}}, "strange_gun": {"IoU": {"mean": 0.17519108951091766}}}, "transunet_50epo_bce_vit8_threshold": {"main_targets": {"IoU": {"mean": 0.11705424636602402}}, "jenya_targets": {"IoU": {"mean": 0.17368122935295105}}, "strange_gun": {"IoU": {"mean": 0.21242128312587738}}}, "transunet_60epo_bce_vit8_threshold": {"main_targets": {"IoU": {"mean": 0.10059477388858795}}, "jenya_targets": {"IoU": {"mean": 0.1467403918504715}}, "strange_gun": {"IoU": {"mean": 0.19836384057998657}}}, "transunet_70epo_bce_vit8_threshold": {"main_targets": {"IoU": {"mean": 0.11801384389400482}}, "jenya_targets": {"IoU": {"mean": 0.16039523482322693}}, "strange_gun": {"IoU": {"mean": 0.19920630753040314}}}, "transunet_80epo_bce_vit8_threshold": {"main_targets": {"IoU": {"mean": 0.11931977421045303}}, "jenya_targets": {"IoU": {"mean": 0.161494180560112}}, "strange_gun": {"IoU": {"mean": 0.20085348188877106}}}, "transunet_90epo_bce_vit8_threshold": {"main_targets": {"IoU": {"mean": 0.12278781086206436}}, "jenya_targets": {"IoU": {"mean": 0.169646218419075}}, "strange_gun": {"IoU": {"mean": 0.1973486989736557}}}, "transunet_100epo_bce_vit8_threshold": {"main_targets": {"IoU": {"mean": 0.12964168190956116}}, "jenya_targets": {"IoU": {"mean": 0.1666526049375534}}, "strange_gun": {"IoU": {"mean": 0.18496699631214142}}}, "transunet_110epo_bce_vit8_threshold": {"main_targets": {"IoU": {"mean": 0.09691430628299713}}, "jenya_targets": {"IoU": {"mean": 0.15189963579177856}}, "strange_gun": {"IoU": {"mean": 0.18738298118114471}}}, "transunet_120epo_bce_vit8_threshold": {"main_targets": {"IoU": {"mean": 0.10832119733095169}}, "jenya_targets": {"IoU": {"mean": 0.16375553607940674}}, "strange_gun": {"IoU": {"mean": 0.18977665901184082}}}, "transunet_130epo_bce_vit8_threshold": {"main_targets": {"IoU": {"mean": 0.1234748438000679}}, "jenya_targets": {"IoU": {"mean": 0.16973187029361725}}, "strange_gun": {"IoU": {"mean": 0.20156489312648773}}}, "transunet_140epo_bce_vit8_threshold": {"main_targets": {"IoU": {"mean": 0.12170646339654922}}, "jenya_targets": {"IoU": {"mean": 0.16606037318706512}}, "strange_gun": {"IoU": {"mean": 0.1984587162733078}}}, "transunet_150epo_bce_vit8_threshold": {"main_targets": {"IoU": {"mean": 0.11718574911355972}}, "jenya_targets": {"IoU": {"mean": 0.16292834281921387}}, "strange_gun": {"IoU": {"mean": 0.19297905266284943}}}, "transunet_160epo_bce_vit8_threshold": {"main_targets": {"IoU": {"mean": 0.1298356056213379}}, "jenya_targets": {"IoU": {"mean": 0.16643309593200684}}, "strange_gun": {"IoU": {"mean": 0.19578464329242706}}}, "transunet_170epo_bce_vit8_threshold": {"main_targets": {"IoU": {"mean": 0.09981448203325272}}, "jenya_targets": {"IoU": {"mean": 0.15447795391082764}}, "strange_gun": {"IoU": {"mean": 0.18899506330490112}}}, "transunet_180epo_bce_vit8_threshold": {"main_targets": {"IoU": {"mean": 0.08634500950574875}}, "jenya_targets": {"IoU": {"mean": 0.1397361010313034}}, "strange_gun": {"IoU": {"mean": 0.18271617591381073}}},