{"im512_id1/transunet_5epo_bce_vit8_vitdim512_threshold": {"main_targets": {"IoU": {"mean": 0.034999094903469086}}, "jenya_targets": {"IoU": {"mean": 0.07539117336273193}}, "strange_gun": {"IoU": {"mean": 0.12758193910121918}}}, "im512_id1/transunet_10epo_bce_vit8_vitdim512_threshold": {"main_targets": {"IoU": {"mean": 0.04724002629518509}}, "jenya_targets": {"IoU": {"mean": 0.07194475084543228}}, "strange_gun": {"IoU": {"mean": 0.15128912031650543}}}, "im512_id1/transunet_15epo_bce_vit8_vitdim512_threshold": {"main_targets": {"IoU": {"mean": 0.08189116418361664}}, "jenya_targets": {"IoU": {"mean": 0.1349620670080185}}, "strange_gun": {"IoU": {"mean": 0.17158041894435883}}}, "im512_id1/transunet_20epo_bce_vit8_vitdim512_threshold": {"main_targets": {"IoU": {"mean": 0.0322837308049202}}, "jenya_targets": {"IoU": {"mean": 0.09754318743944168}}, "strange_gun": {"IoU": {"mean": 0.14175938069820404}}}, "im512_id1/transunet_25epo_bce_vit8_vitdim512_threshold": {"main_targets": {"IoU": {"mean": 0.08438213169574738}}, "jenya_targets": {"IoU": {"mean": 0.132431298494339}}, "strange_gun": {"IoU": {"mean": 0.16300824284553528}}}, "im512_id1/transunet_30epo_bce_vit8_vitdim512_threshold": {"main_targets": {"IoU": {"mean": 0.10615470260381699}}, "jenya_targets": {"IoU": {"mean": 0.13938838243484497}}, "strange_gun": {"IoU": {"mean": 0.19964778423309326}}}, "im512_id2/transunet_5epo_bce_vit4_vitdim512_threshold": {"main_targets": {"IoU": {"mean": 0.02404550276696682}}, "jenya_targets": {"IoU": {"mean": 0.08601216971874237}}, "strange_gun": {"IoU": {"mean": 0.12362918257713318}}}, "im512_id2/transunet_10epo_bce_vit4_vitdim512_threshold": {"main_targets": {"IoU": {"mean": 0.022433189675211906}}, "jenya_targets": {"IoU": {"mean": 0.04462656006217003}}, "strange_gun": {"IoU": {"mean": 0.08552712202072144}}}, "im512_id2/transunet_15epo_bce_vit4_vitdim512_threshold": {"main_targets": {"IoU": {"mean": 0.07153310626745224}}, "jenya_targets": {"IoU": {"mean": 0.12623940408229828}}, "strange_gun": {"IoU": {"mean": 0.16565127670764923}}}, "im512_id2/transunet_20epo_bce_vit4_vitdim512_threshold": {"main_targets": {"IoU": {"mean": 0.04668792709708214}}, "jenya_targets": {"IoU": {"mean": 0.11002831161022186}}, "strange_gun": {"IoU": {"mean": 0.1695718765258789}}}, "im512_id2/transunet_25epo_bce_vit4_vitdim512_threshold": {"main_targets": {"IoU": {"mean": 0.020336784422397614}}, "jenya_targets": {"IoU": {"mean": 0.02959643118083477}}, "strange_gun": {"IoU": {"mean": 0.02397012710571289}}}, "im512_id2/transunet_30epo_bce_vit4_vitdim512_threshold": {"main_targets": {"IoU": {"mean": 0.014778424985706806}}, "jenya_targets": {"IoU": {"mean": 0.042066507041454315}}, "strange_gun": {"IoU": {"mean": 0.05690683797001839}}}, "dim512_id3/transunet_5epo_bce_vit12_vitdim512_threshold": {"main_targets": {"IoU": {"mean": 0.013702682219445705}}, "jenya_targets": {"IoU": {"mean": 0.06356588751077652}}, "strange_gun": {"IoU": {"mean": 0.09035647660493851}}}, "dim512_id3/transunet_10epo_bce_vit12_vitdim512_threshold": {"main_targets": {"IoU": {"mean": 0.07289347052574158}}, "jenya_targets": {"IoU": {"mean": 0.1001625657081604}}, "strange_gun": {"IoU": {"mean": 0.13207365572452545}}}, "dim512_id3/transunet_15epo_bce_vit12_vitdim512_threshold": {"main_targets": {"IoU": {"mean": 0.022021746262907982}}, "jenya_targets": {"IoU": {"mean": 0.08631942421197891}}, "strange_gun": {"IoU": {"mean": 0.11553257703781128}}}, "dim512_id3/transunet_20epo_bce_vit12_vitdim512_threshold": {"main_targets": {"IoU": {"mean": 0.03296481817960739}}, "jenya_targets": {"IoU": {"mean": 0.06923261284828186}}, "strange_gun": {"IoU": {"mean": 0.09126278758049011}}}, "dim512_id3/transunet_25epo_bce_vit12_vitdim512_threshold": {"main_targets": {"IoU": {"mean": 0.09930353611707687}}, "jenya_targets": {"IoU": {"mean": 0.14006541669368744}}, "strange_gun": {"IoU": {"mean": 0.1696871519088745}}}, "dim512_id3/transunet_30epo_bce_vit12_vitdim512_threshold": {"main_targets": {"IoU": {"mean": 0.06682572513818741}}, "jenya_targets": {"IoU": {"mean": 0.13141264021396637}}, "strange_gun": {"IoU": {"mean": 0.16065265238285065}}}, "dim512_overlayer/transunet_10epo_bce_vit12_vitdim512_threshold": {"main_targets": {"IoU": {"mean": 0.053378310054540634}}, "jenya_targets": {"IoU": {"mean": 0.2222428172826767}}, "strange_gun": {"IoU": {"mean": 0.25873327255249023}}}, "dim512_overlayer/transunet_20epo_bce_vit12_vitdim512_threshold": {"main_targets": {"IoU": {"mean": 0.06635159254074097}}, "jenya_targets": {"IoU": {"mean": 0.21704277396202087}}, "strange_gun": {"IoU": {"mean": 0.2582937180995941}}}, "dim512_overlayer/transunet_30epo_bce_vit12_vitdim512_threshold": {"main_targets": {"IoU": {"mean": 0.06081666052341461}}, "jenya_targets": {"IoU": {"mean": 0.23076793551445007}}, "strange_gun": {"IoU": {"mean": 0.2980973422527313}}}, "dim512_overlayer/transunet_40epo_bce_vit12_vitdim512_threshold": {"main_targets": {"IoU": {"mean": 0.07705730944871902}}, "jenya_targets": {"IoU": {"mean": 0.21878790855407715}}, "strange_gun": {"IoU": {"mean": 0.3052981197834015}}}, "dim512_overlayer/transunet_50epo_bce_vit12_vitdim512_threshold": {"main_targets": {"IoU": {"mean": 0.0628071278333664}}, "jenya_targets": {"IoU": {"mean": 0.2236538976430893}}, "strange_gun": {"IoU": {"mean": 0.28588446974754333}}}}